id,date,weekday,createdAt
TEST_PERIOD_1783597397669,2026-07-09,星期四,2026-07-09T11:43:17.669Z
PERIOD_1783597657736_3532,2025-08-01,星期五,2026-07-09T11:47:37.736Z
PERIOD_1783597657736_4995,2025-08-02,星期六,2026-07-09T11:47:37.736Z
PERIOD_1783597657737_8420,2025-08-03,星期日,2026-07-09T11:47:37.737Z
PERIOD_1783597657737_3723,2025-08-04,星期一,2026-07-09T11:47:37.737Z
PERIOD_1783597657737_2319,2025-08-05,星期二,2026-07-09T11:47:37.737Z
PERIOD_1783597657737_6459,2025-08-06,星期三,2026-07-09T11:47:37.737Z
PERIOD_1783597657737_8782,2025-08-07,星期四,2026-07-09T11:47:37.737Z
PERIOD_1783597657737_6926,2025-08-08,星期五,2026-07-09T11:47:37.737Z
PERIOD_1783597657737_2796,2025-08-09,星期六,2026-07-09T11:47:37.737Z
PERIOD_1783597657737_3961,2025-08-10,星期日,2026-07-09T11:47:37.737Z
PERIOD_1783597657737_9602,2025-08-11,星期一,2026-07-09T11:47:37.737Z
PERIOD_1783597657737_2036,2025-08-12,星期二,2026-07-09T11:47:37.737Z
PERIOD_1783597657737_5295,2025-08-13,星期三,2026-07-09T11:47:37.737Z
PERIOD_1783597657737_8247,2025-08-14,星期四,2026-07-09T11:47:37.737Z
PERIOD_1783597657737_7353,2025-08-15,星期五,2026-07-09T11:47:37.737Z
PERIOD_1783597657737_666,2025-08-16,星期六,2026-07-09T11:47:37.737Z
PERIOD_1783597657737_2420,2025-08-17,星期日,2026-07-09T11:47:37.737Z
PERIOD_1783597657737_2718,2025-08-18,星期一,2026-07-09T11:47:37.737Z
PERIOD_1783597657737_9584,2025-08-19,星期二,2026-07-09T11:47:37.737Z
PERIOD_1783597657737_9758,2025-08-20,星期三,2026-07-09T11:47:37.737Z
PERIOD_1783597657737_8975,2025-08-21,星期四,2026-07-09T11:47:37.737Z
PERIOD_1783597657738_4500,2025-08-22,星期五,2026-07-09T11:47:37.738Z
PERIOD_1783597657738_6848,2025-08-23,星期六,2026-07-09T11:47:37.738Z
PERIOD_1783597657738_7795,2025-08-24,星期日,2026-07-09T11:47:37.738Z
PERIOD_1783597657738_57,2025-08-25,星期一,2026-07-09T11:47:37.738Z
PERIOD_1783597657738_7052,2025-08-26,星期二,2026-07-09T11:47:37.738Z
PERIOD_1783597657738_9480,2025-08-27,星期三,2026-07-09T11:47:37.738Z
PERIOD_1783597657738_1127,2025-08-28,星期四,2026-07-09T11:47:37.738Z
PERIOD_1783597657738_5683,2025-08-29,星期五,2026-07-09T11:47:37.738Z
PERIOD_1783597657738_6913,2025-08-30,星期六,2026-07-09T11:47:37.738Z
PERIOD_1783597657738_2163,2025-08-31,星期日,2026-07-09T11:47:37.738Z
PERIOD_1783597657738_4198,2025-09-01,星期一,2026-07-09T11:47:37.738Z
PERIOD_1783597657738_8850,2025-09-02,星期二,2026-07-09T11:47:37.738Z
PERIOD_1783597657738_7324,2025-09-03,星期三,2026-07-09T11:47:37.738Z
PERIOD_1783597657738_4538,2025-09-04,星期四,2026-07-09T11:47:37.738Z
PERIOD_1783597657738_3820,2025-09-05,星期五,2026-07-09T11:47:37.738Z
PERIOD_1783597657738_2306,2025-09-06,星期六,2026-07-09T11:47:37.738Z
PERIOD_1783597657738_742,2025-09-07,星期日,2026-07-09T11:47:37.738Z
PERIOD_1783597657738_9976,2025-09-08,星期一,2026-07-09T11:47:37.738Z
PERIOD_1783597657738_6271,2025-09-09,星期二,2026-07-09T11:47:37.738Z
PERIOD_1783597657739_7462,2025-09-10,星期三,2026-07-09T11:47:37.739Z
PERIOD_1783597657739_3346,2025-09-11,星期四,2026-07-09T11:47:37.739Z
PERIOD_1783597657739_1714,2025-09-12,星期五,2026-07-09T11:47:37.739Z
PERIOD_1783597657739_3703,2025-09-13,星期六,2026-07-09T11:47:37.739Z
PERIOD_1783597657739_7620,2025-09-14,星期日,2026-07-09T11:47:37.739Z
PERIOD_1783597657739_7850,2025-09-15,星期一,2026-07-09T11:47:37.739Z
PERIOD_1783597657739_7269,2025-09-16,星期二,2026-07-09T11:47:37.739Z
PERIOD_1783597657739_7969,2025-09-17,星期三,2026-07-09T11:47:37.739Z
PERIOD_1783597657739_1864,2025-09-18,星期四,2026-07-09T11:47:37.739Z
PERIOD_1783597657739_6715,2025-09-19,星期五,2026-07-09T11:47:37.739Z
PERIOD_1783597657739_678,2025-09-20,星期六,2026-07-09T11:47:37.739Z
PERIOD_1783597657739_3029,2025-09-21,星期日,2026-07-09T11:47:37.739Z
PERIOD_1783597657739_5799,2025-09-22,星期一,2026-07-09T11:47:37.739Z
PERIOD_1783597657739_1500,2025-09-23,星期二,2026-07-09T11:47:37.739Z
PERIOD_1783597657739_5810,2025-09-24,星期三,2026-07-09T11:47:37.739Z
PERIOD_1783597657739_2892,2025-09-25,星期四,2026-07-09T11:47:37.739Z
PERIOD_1783597657739_8657,2025-09-26,星期五,2026-07-09T11:47:37.739Z
PERIOD_1783597657740_1925,2025-09-27,星期六,2026-07-09T11:47:37.740Z
PERIOD_1783597657740_6736,2025-09-28,星期日,2026-07-09T11:47:37.740Z
PERIOD_1783597657740_6526,2025-09-29,星期一,2026-07-09T11:47:37.740Z
PERIOD_1783597657740_2272,2025-09-30,星期二,2026-07-09T11:47:37.740Z
PERIOD_1783597657740_5994,2025-10-01,星期三,2026-07-09T11:47:37.740Z
PERIOD_1783597657740_3362,2025-10-02,星期四,2026-07-09T11:47:37.740Z
PERIOD_1783597657740_8247,2025-10-03,星期五,2026-07-09T11:47:37.740Z
PERIOD_1783597657740_242,2025-10-04,星期六,2026-07-09T11:47:37.740Z
PERIOD_1783597657740_2560,2025-10-05,星期日,2026-07-09T11:47:37.740Z
PERIOD_1783597657740_3046,2025-10-06,星期一,2026-07-09T11:47:37.740Z
PERIOD_1783597657740_9226,2025-10-07,星期二,2026-07-09T11:47:37.740Z
PERIOD_1783597657740_1513,2025-10-08,星期三,2026-07-09T11:47:37.740Z
PERIOD_1783597657740_1132,2025-10-09,星期四,2026-07-09T11:47:37.740Z
PERIOD_1783597657740_5205,2025-10-10,星期五,2026-07-09T11:47:37.740Z
PERIOD_1783597657740_5913,2025-10-11,星期六,2026-07-09T11:47:37.740Z
PERIOD_1783597657740_8258,2025-10-12,星期日,2026-07-09T11:47:37.740Z
PERIOD_1783597657741_2502,2025-10-13,星期一,2026-07-09T11:47:37.741Z
PERIOD_1783597657741_1883,2025-10-14,星期二,2026-07-09T11:47:37.741Z
PERIOD_1783597657741_3559,2025-10-15,星期三,2026-07-09T11:47:37.741Z
PERIOD_1783597657741_9033,2025-10-16,星期四,2026-07-09T11:47:37.741Z
PERIOD_1783597657741_456,2025-10-17,星期五,2026-07-09T11:47:37.741Z
PERIOD_1783597657741_6796,2025-10-18,星期六,2026-07-09T11:47:37.741Z
PERIOD_1783597657741_6610,2025-10-19,星期日,2026-07-09T11:47:37.741Z
PERIOD_1783597657741_61,2025-10-20,星期一,2026-07-09T11:47:37.741Z
PERIOD_1783597657741_8359,2025-10-21,星期二,2026-07-09T11:47:37.741Z
PERIOD_1783597657741_2001,2025-10-22,星期三,2026-07-09T11:47:37.741Z
PERIOD_1783597657741_1270,2025-10-23,星期四,2026-07-09T11:47:37.741Z
PERIOD_1783597657741_66,2025-10-24,星期五,2026-07-09T11:47:37.741Z
PERIOD_1783597657741_5419,2025-10-25,星期六,2026-07-09T11:47:37.741Z
PERIOD_1783597657741_7541,2025-10-26,星期日,2026-07-09T11:47:37.741Z
PERIOD_1783597657741_6611,2025-10-27,星期一,2026-07-09T11:47:37.741Z
PERIOD_1783597657742_7204,2025-10-28,星期二,2026-07-09T11:47:37.742Z
PERIOD_1783597657742_229,2025-10-29,星期三,2026-07-09T11:47:37.742Z
PERIOD_1783597657742_7879,2025-10-30,星期四,2026-07-09T11:47:37.742Z
PERIOD_1783597657742_1810,2025-10-31,星期五,2026-07-09T11:47:37.742Z
PERIOD_1783597657742_5640,2025-11-01,星期六,2026-07-09T11:47:37.742Z
PERIOD_1783597657742_5091,2025-11-02,星期日,2026-07-09T11:47:37.742Z
PERIOD_1783597657742_3854,2025-11-03,星期一,2026-07-09T11:47:37.742Z
PERIOD_1783597657743_168,2025-11-04,星期二,2026-07-09T11:47:37.743Z
PERIOD_1783597657743_7143,2025-11-05,星期三,2026-07-09T11:47:37.743Z
PERIOD_1783597657743_1334,2025-11-06,星期四,2026-07-09T11:47:37.743Z
PERIOD_1783597657743_8780,2025-11-07,星期五,2026-07-09T11:47:37.743Z
PERIOD_1783597657743_6488,2025-11-08,星期六,2026-07-09T11:47:37.743Z
PERIOD_1783597657743_8583,2025-11-09,星期日,2026-07-09T11:47:37.743Z
PERIOD_1783597657743_1333,2025-11-10,星期一,2026-07-09T11:47:37.743Z
PERIOD_1783597657743_5822,2025-11-11,星期二,2026-07-09T11:47:37.743Z
PERIOD_1783597657743_3024,2025-11-12,星期三,2026-07-09T11:47:37.743Z
PERIOD_1783597657743_4275,2025-11-13,星期四,2026-07-09T11:47:37.743Z
PERIOD_1783597657743_850,2025-11-14,星期五,2026-07-09T11:47:37.743Z
PERIOD_1783597657743_8438,2025-11-15,星期六,2026-07-09T11:47:37.743Z
PERIOD_1783597657743_3284,2025-11-16,星期日,2026-07-09T11:47:37.743Z
PERIOD_1783597657744_2748,2025-11-17,星期一,2026-07-09T11:47:37.744Z
PERIOD_1783597657744_3477,2025-11-18,星期二,2026-07-09T11:47:37.744Z
PERIOD_1783597657744_7164,2025-11-19,星期三,2026-07-09T11:47:37.744Z
PERIOD_1783597657744_9141,2025-11-20,星期四,2026-07-09T11:47:37.744Z
PERIOD_1783597657744_4696,2025-11-21,星期五,2026-07-09T11:47:37.744Z
PERIOD_1783597657744_4887,2025-11-22,星期六,2026-07-09T11:47:37.744Z
PERIOD_1783597657744_4652,2025-11-23,星期日,2026-07-09T11:47:37.744Z
PERIOD_1783597657744_3576,2025-11-24,星期一,2026-07-09T11:47:37.744Z
PERIOD_1783597657744_2507,2025-11-25,星期二,2026-07-09T11:47:37.744Z
PERIOD_1783597657745_629,2025-11-26,星期三,2026-07-09T11:47:37.745Z
PERIOD_1783597657745_8811,2025-11-27,星期四,2026-07-09T11:47:37.745Z
PERIOD_1783597657745_3294,2025-11-28,星期五,2026-07-09T11:47:37.745Z
PERIOD_1783597657745_5839,2025-11-29,星期六,2026-07-09T11:47:37.745Z
PERIOD_1783597657745_3291,2025-11-30,星期日,2026-07-09T11:47:37.745Z
PERIOD_1783597657745_7768,2025-12-01,星期一,2026-07-09T11:47:37.745Z
PERIOD_1783597657745_5517,2025-12-02,星期二,2026-07-09T11:47:37.745Z
PERIOD_1783597657745_5903,2025-12-03,星期三,2026-07-09T11:47:37.745Z
PERIOD_1783597657745_6525,2025-12-04,星期四,2026-07-09T11:47:37.745Z
PERIOD_1783597657746_1650,2025-12-05,星期五,2026-07-09T11:47:37.746Z
PERIOD_1783597657746_834,2025-12-06,星期六,2026-07-09T11:47:37.746Z
PERIOD_1783597657746_4403,2025-12-07,星期日,2026-07-09T11:47:37.746Z
PERIOD_1783597657746_3640,2025-12-08,星期一,2026-07-09T11:47:37.746Z
PERIOD_1783597657746_9171,2025-12-09,星期二,2026-07-09T11:47:37.746Z
PERIOD_1783597657746_3393,2025-12-10,星期三,2026-07-09T11:47:37.746Z
PERIOD_1783597657747_4234,2025-12-11,星期四,2026-07-09T11:47:37.747Z
PERIOD_1783597657747_8761,2025-12-12,星期五,2026-07-09T11:47:37.747Z
PERIOD_1783597657747_974,2025-12-13,星期六,2026-07-09T11:47:37.747Z
PERIOD_1783597657747_3937,2025-12-14,星期日,2026-07-09T11:47:37.747Z
PERIOD_1783597657747_8780,2025-12-15,星期一,2026-07-09T11:47:37.747Z
PERIOD_1783597657747_6117,2025-12-16,星期二,2026-07-09T11:47:37.747Z
PERIOD_1783597657747_7657,2025-12-17,星期三,2026-07-09T11:47:37.747Z
PERIOD_1783597657747_335,2025-12-18,星期四,2026-07-09T11:47:37.747Z
PERIOD_1783597657747_229,2025-12-19,星期五,2026-07-09T11:47:37.747Z
PERIOD_1783597657748_8604,2025-12-20,星期六,2026-07-09T11:47:37.748Z
PERIOD_1783597657748_3101,2025-12-21,星期日,2026-07-09T11:47:37.748Z
PERIOD_1783597657748_5482,2025-12-22,星期一,2026-07-09T11:47:37.748Z
PERIOD_1783597657748_7158,2025-12-23,星期二,2026-07-09T11:47:37.748Z
PERIOD_1783597657748_7372,2025-12-24,星期三,2026-07-09T11:47:37.748Z
PERIOD_1783597657748_219,2025-12-25,星期四,2026-07-09T11:47:37.748Z
PERIOD_1783597657748_3107,2025-12-26,星期五,2026-07-09T11:47:37.748Z
PERIOD_1783597657748_4066,2025-12-27,星期六,2026-07-09T11:47:37.748Z
PERIOD_1783597657748_9438,2025-12-28,星期日,2026-07-09T11:47:37.748Z
PERIOD_1783597657748_2872,2025-12-29,星期一,2026-07-09T11:47:37.748Z
PERIOD_1783597657749_5358,2025-12-30,星期二,2026-07-09T11:47:37.749Z
PERIOD_1783597657749_8586,2025-12-31,星期三,2026-07-09T11:47:37.749Z
PERIOD_1783597657749_5377,2026-01-01,星期四,2026-07-09T11:47:37.749Z
PERIOD_1783597657749_4353,2026-01-02,星期五,2026-07-09T11:47:37.749Z
PERIOD_1783597657749_7047,2026-01-03,星期六,2026-07-09T11:47:37.749Z
PERIOD_1783597657749_3041,2026-01-04,星期日,2026-07-09T11:47:37.749Z
PERIOD_1783597657749_7130,2026-01-05,星期一,2026-07-09T11:47:37.749Z
PERIOD_1783597657749_3582,2026-01-06,星期二,2026-07-09T11:47:37.749Z
PERIOD_1783597657749_873,2026-01-07,星期三,2026-07-09T11:47:37.749Z
PERIOD_1783597657750_5174,2026-01-08,星期四,2026-07-09T11:47:37.750Z
PERIOD_1783597657750_218,2026-01-09,星期五,2026-07-09T11:47:37.750Z
PERIOD_1783597657750_6341,2026-01-10,星期六,2026-07-09T11:47:37.750Z
PERIOD_1783597657750_5771,2026-01-11,星期日,2026-07-09T11:47:37.750Z
PERIOD_1783597657750_9550,2026-01-12,星期一,2026-07-09T11:47:37.750Z
PERIOD_1783597657750_4871,2026-01-13,星期二,2026-07-09T11:47:37.750Z
PERIOD_1783597657750_5316,2026-01-14,星期三,2026-07-09T11:47:37.750Z
PERIOD_1783597657750_7418,2026-01-15,星期四,2026-07-09T11:47:37.750Z
PERIOD_1783597657750_9485,2026-01-16,星期五,2026-07-09T11:47:37.750Z
PERIOD_1783597657751_5342,2026-01-17,星期六,2026-07-09T11:47:37.751Z
PERIOD_1783597657751_7636,2026-01-18,星期日,2026-07-09T11:47:37.751Z
PERIOD_1783597657751_2984,2026-01-19,星期一,2026-07-09T11:47:37.751Z
PERIOD_1783597657751_7470,2026-01-20,星期二,2026-07-09T11:47:37.751Z
PERIOD_1783597657751_4652,2026-01-21,星期三,2026-07-09T11:47:37.751Z
PERIOD_1783597657751_8630,2026-01-22,星期四,2026-07-09T11:47:37.751Z
PERIOD_1783597657751_4008,2026-01-23,星期五,2026-07-09T11:47:37.751Z
PERIOD_1783597657751_8240,2026-01-24,星期六,2026-07-09T11:47:37.751Z
PERIOD_1783597657751_5975,2026-01-25,星期日,2026-07-09T11:47:37.751Z
PERIOD_1783597657751_1429,2026-01-26,星期一,2026-07-09T11:47:37.751Z
PERIOD_1783597657752_5749,2026-01-27,星期二,2026-07-09T11:47:37.752Z
PERIOD_1783597657752_77,2026-01-28,星期三,2026-07-09T11:47:37.752Z
PERIOD_1783597657752_8692,2026-01-29,星期四,2026-07-09T11:47:37.752Z
PERIOD_1783597657752_9903,2026-01-30,星期五,2026-07-09T11:47:37.752Z
PERIOD_1783597657752_7589,2026-01-31,星期六,2026-07-09T11:47:37.752Z
PERIOD_1783597657752_9769,2026-02-01,星期日,2026-07-09T11:47:37.752Z
PERIOD_1783597657752_9310,2026-02-02,星期一,2026-07-09T11:47:37.752Z
PERIOD_1783597657752_7797,2026-02-03,星期二,2026-07-09T11:47:37.752Z
PERIOD_1783597657753_6352,2026-02-04,星期三,2026-07-09T11:47:37.753Z
PERIOD_1783597657753_5191,2026-02-05,星期四,2026-07-09T11:47:37.753Z
PERIOD_1783597657753_5331,2026-02-06,星期五,2026-07-09T11:47:37.753Z
PERIOD_1783597657753_4771,2026-02-07,星期六,2026-07-09T11:47:37.753Z
PERIOD_1783597657753_9603,2026-02-08,星期日,2026-07-09T11:47:37.753Z
PERIOD_1783597657753_7074,2026-02-09,星期一,2026-07-09T11:47:37.753Z
PERIOD_1783597657753_2505,2026-02-10,星期二,2026-07-09T11:47:37.753Z
PERIOD_1783597657753_3688,2026-02-11,星期三,2026-07-09T11:47:37.753Z
PERIOD_1783597657753_3636,2026-02-12,星期四,2026-07-09T11:47:37.753Z
PERIOD_1783597657754_3450,2026-02-13,星期五,2026-07-09T11:47:37.754Z
PERIOD_1783597657754_3208,2026-02-14,星期六,2026-07-09T11:47:37.754Z
PERIOD_1783597657754_3065,2026-02-15,星期日,2026-07-09T11:47:37.754Z
PERIOD_1783597657754_7658,2026-02-16,星期一,2026-07-09T11:47:37.754Z
PERIOD_1783597657754_1011,2026-02-17,星期二,2026-07-09T11:47:37.754Z
PERIOD_1783597657754_4205,2026-02-18,星期三,2026-07-09T11:47:37.754Z
PERIOD_1783597657754_7620,2026-02-19,星期四,2026-07-09T11:47:37.754Z
PERIOD_1783597657754_7390,2026-02-20,星期五,2026-07-09T11:47:37.754Z
PERIOD_1783597657755_4000,2026-02-21,星期六,2026-07-09T11:47:37.755Z
PERIOD_1783597657755_9707,2026-02-22,星期日,2026-07-09T11:47:37.755Z
PERIOD_1783597657755_5137,2026-02-23,星期一,2026-07-09T11:47:37.755Z
PERIOD_1783597657755_7175,2026-02-24,星期二,2026-07-09T11:47:37.755Z
PERIOD_1783597657755_3749,2026-02-25,星期三,2026-07-09T11:47:37.755Z
PERIOD_1783597657755_7724,2026-02-26,星期四,2026-07-09T11:47:37.755Z
PERIOD_1783597657755_8126,2026-02-27,星期五,2026-07-09T11:47:37.755Z
PERIOD_1783597657755_1315,2026-02-28,星期六,2026-07-09T11:47:37.755Z
PERIOD_1783597657755_8894,2026-03-01,星期日,2026-07-09T11:47:37.755Z
PERIOD_1783597657756_9980,2026-03-02,星期一,2026-07-09T11:47:37.756Z
PERIOD_1783597657756_2674,2026-03-03,星期二,2026-07-09T11:47:37.756Z
PERIOD_1783597657756_2156,2026-03-04,星期三,2026-07-09T11:47:37.756Z
PERIOD_1783597657756_294,2026-03-05,星期四,2026-07-09T11:47:37.756Z
PERIOD_1783597657756_173,2026-03-06,星期五,2026-07-09T11:47:37.756Z
PERIOD_1783597657756_4538,2026-03-07,星期六,2026-07-09T11:47:37.756Z
PERIOD_1783597657756_7031,2026-03-08,星期日,2026-07-09T11:47:37.756Z
PERIOD_1783597657756_635,2026-03-09,星期一,2026-07-09T11:47:37.756Z
PERIOD_1783597657757_1328,2026-03-10,星期二,2026-07-09T11:47:37.757Z
PERIOD_1783597657757_5764,2026-03-11,星期三,2026-07-09T11:47:37.757Z
PERIOD_1783597657757_6693,2026-03-12,星期四,2026-07-09T11:47:37.757Z
PERIOD_1783597657757_6052,2026-03-13,星期五,2026-07-09T11:47:37.757Z
PERIOD_1783597657757_9364,2026-03-14,星期六,2026-07-09T11:47:37.757Z
PERIOD_1783597657757_7567,2026-03-15,星期日,2026-07-09T11:47:37.757Z
PERIOD_1783597657757_3252,2026-03-16,星期一,2026-07-09T11:47:37.757Z
PERIOD_1783597657757_7815,2026-03-17,星期二,2026-07-09T11:47:37.757Z
PERIOD_1783597657758_3195,2026-03-18,星期三,2026-07-09T11:47:37.758Z
PERIOD_1783597657758_304,2026-03-19,星期四,2026-07-09T11:47:37.758Z
PERIOD_1783597657758_4461,2026-03-20,星期五,2026-07-09T11:47:37.758Z
PERIOD_1783597657758_9247,2026-03-21,星期六,2026-07-09T11:47:37.758Z
PERIOD_1783597657758_2863,2026-03-22,星期日,2026-07-09T11:47:37.758Z
PERIOD_1783597657758_9935,2026-03-23,星期一,2026-07-09T11:47:37.758Z
PERIOD_1783597657758_2878,2026-03-24,星期二,2026-07-09T11:47:37.758Z
PERIOD_1783597657758_5278,2026-03-25,星期三,2026-07-09T11:47:37.758Z
PERIOD_1783597657759_8941,2026-03-26,星期四,2026-07-09T11:47:37.759Z
PERIOD_1783597657759_5421,2026-03-27,星期五,2026-07-09T11:47:37.759Z
PERIOD_1783597657759_746,2026-03-28,星期六,2026-07-09T11:47:37.759Z
PERIOD_1783597657759_9943,2026-03-29,星期日,2026-07-09T11:47:37.759Z
PERIOD_1783597657759_4251,2026-03-30,星期一,2026-07-09T11:47:37.759Z
PERIOD_1783597657759_5168,2026-03-31,星期二,2026-07-09T11:47:37.759Z
PERIOD_1783597657759_9484,2026-04-01,星期三,2026-07-09T11:47:37.759Z
PERIOD_1783597657759_5879,2026-04-02,星期四,2026-07-09T11:47:37.759Z
PERIOD_1783597657760_4884,2026-04-03,星期五,2026-07-09T11:47:37.760Z
PERIOD_1783597657760_2864,2026-04-04,星期六,2026-07-09T11:47:37.760Z
PERIOD_1783597657760_5479,2026-04-05,星期日,2026-07-09T11:47:37.760Z
PERIOD_1783597657760_3830,2026-04-06,星期一,2026-07-09T11:47:37.760Z
PERIOD_1783597657760_6745,2026-04-07,星期二,2026-07-09T11:47:37.760Z
PERIOD_1783597657760_2568,2026-04-08,星期三,2026-07-09T11:47:37.760Z
PERIOD_1783597657760_3328,2026-04-09,星期四,2026-07-09T11:47:37.760Z
PERIOD_1783597657761_7598,2026-04-10,星期五,2026-07-09T11:47:37.761Z
PERIOD_1783597657761_6041,2026-04-11,星期六,2026-07-09T11:47:37.761Z
PERIOD_1783597657761_98,2026-04-12,星期日,2026-07-09T11:47:37.761Z
PERIOD_1783597657761_3392,2026-04-13,星期一,2026-07-09T11:47:37.761Z
PERIOD_1783597657761_7250,2026-04-14,星期二,2026-07-09T11:47:37.761Z
PERIOD_1783597657761_5622,2026-04-15,星期三,2026-07-09T11:47:37.761Z
PERIOD_1783597657761_3854,2026-04-16,星期四,2026-07-09T11:47:37.761Z
PERIOD_1783597657762_4464,2026-04-17,星期五,2026-07-09T11:47:37.762Z
PERIOD_1783597657762_6451,2026-04-18,星期六,2026-07-09T11:47:37.762Z
PERIOD_1783597657762_9261,2026-04-19,星期日,2026-07-09T11:47:37.762Z
PERIOD_1783597657762_5338,2026-04-20,星期一,2026-07-09T11:47:37.762Z
PERIOD_1783597657762_9868,2026-04-21,星期二,2026-07-09T11:47:37.762Z
PERIOD_1783597657762_7570,2026-04-22,星期三,2026-07-09T11:47:37.762Z
PERIOD_1783597657762_7930,2026-04-23,星期四,2026-07-09T11:47:37.762Z
PERIOD_1783597657763_941,2026-04-24,星期五,2026-07-09T11:47:37.763Z
PERIOD_1783597657763_5243,2026-04-25,星期六,2026-07-09T11:47:37.763Z
PERIOD_1783597657763_3050,2026-04-26,星期日,2026-07-09T11:47:37.763Z
PERIOD_1783597657763_3909,2026-04-27,星期一,2026-07-09T11:47:37.763Z
PERIOD_1783597657763_1392,2026-04-28,星期二,2026-07-09T11:47:37.763Z
PERIOD_1783597657763_543,2026-04-29,星期三,2026-07-09T11:47:37.763Z
PERIOD_1783597657764_7221,2026-04-30,星期四,2026-07-09T11:47:37.764Z
PERIOD_1783597657764_3936,2026-05-01,星期五,2026-07-09T11:47:37.764Z
PERIOD_1783597657764_5408,2026-05-02,星期六,2026-07-09T11:47:37.764Z
PERIOD_1783597657764_1788,2026-05-03,星期日,2026-07-09T11:47:37.764Z
PERIOD_1783597657764_958,2026-05-04,星期一,2026-07-09T11:47:37.764Z
PERIOD_1783597657764_9661,2026-05-05,星期二,2026-07-09T11:47:37.764Z
PERIOD_1783597657765_907,2026-05-06,星期三,2026-07-09T11:47:37.765Z
PERIOD_1783597657765_5357,2026-05-07,星期四,2026-07-09T11:47:37.765Z
PERIOD_1783597657765_3962,2026-05-08,星期五,2026-07-09T11:47:37.765Z
PERIOD_1783597657765_2356,2026-05-09,星期六,2026-07-09T11:47:37.765Z
PERIOD_1783597657765_8209,2026-05-10,星期日,2026-07-09T11:47:37.765Z
PERIOD_1783597657765_8748,2026-05-11,星期一,2026-07-09T11:47:37.765Z
PERIOD_1783597657765_7570,2026-05-12,星期二,2026-07-09T11:47:37.765Z
PERIOD_1783597657766_8069,2026-05-13,星期三,2026-07-09T11:47:37.766Z
PERIOD_1783597657766_6674,2026-05-14,星期四,2026-07-09T11:47:37.766Z
PERIOD_1783597657766_2560,2026-05-15,星期五,2026-07-09T11:47:37.766Z
PERIOD_1783597657766_2412,2026-05-16,星期六,2026-07-09T11:47:37.766Z
PERIOD_1783597657766_8902,2026-05-17,星期日,2026-07-09T11:47:37.766Z
PERIOD_1783597657766_7453,2026-05-18,星期一,2026-07-09T11:47:37.766Z
PERIOD_1783597657766_3417,2026-05-19,星期二,2026-07-09T11:47:37.766Z
PERIOD_1783597657766_4063,2026-05-20,星期三,2026-07-09T11:47:37.766Z
PERIOD_1783597657767_5920,2026-05-21,星期四,2026-07-09T11:47:37.767Z
PERIOD_1783597657767_2488,2026-05-22,星期五,2026-07-09T11:47:37.767Z
PERIOD_1783597657767_6446,2026-05-23,星期六,2026-07-09T11:47:37.767Z
PERIOD_1783597657767_2097,2026-05-24,星期日,2026-07-09T11:47:37.767Z
PERIOD_1783597657767_1191,2026-05-25,星期一,2026-07-09T11:47:37.767Z
PERIOD_1783597657768_313,2026-05-26,星期二,2026-07-09T11:47:37.768Z
PERIOD_1783597657768_1291,2026-05-27,星期三,2026-07-09T11:47:37.768Z
PERIOD_1783597657768_5376,2026-05-28,星期四,2026-07-09T11:47:37.768Z
PERIOD_1783597657768_5921,2026-05-29,星期五,2026-07-09T11:47:37.768Z
PERIOD_1783597657768_5261,2026-05-30,星期六,2026-07-09T11:47:37.768Z
PERIOD_1783597657768_536,2026-05-31,星期日,2026-07-09T11:47:37.768Z
PERIOD_1783597657768_2423,2026-06-01,星期一,2026-07-09T11:47:37.768Z
PERIOD_1783597657769_3123,2026-06-02,星期二,2026-07-09T11:47:37.769Z
PERIOD_1783597657769_3375,2026-06-03,星期三,2026-07-09T11:47:37.769Z
PERIOD_1783597657769_8642,2026-06-04,星期四,2026-07-09T11:47:37.769Z
PERIOD_1783597657769_2837,2026-06-05,星期五,2026-07-09T11:47:37.769Z
PERIOD_1783597657769_4816,2026-06-06,星期六,2026-07-09T11:47:37.769Z
PERIOD_1783597657769_9028,2026-06-07,星期日,2026-07-09T11:47:37.769Z
PERIOD_1783597657769_6365,2026-06-08,星期一,2026-07-09T11:47:37.769Z
PERIOD_1783597657770_706,2026-06-09,星期二,2026-07-09T11:47:37.770Z
PERIOD_1783597657770_9484,2026-06-10,星期三,2026-07-09T11:47:37.770Z
PERIOD_1783597657770_3380,2026-06-11,星期四,2026-07-09T11:47:37.770Z
PERIOD_1783597657770_3778,2026-06-12,星期五,2026-07-09T11:47:37.770Z
PERIOD_1783597657770_3899,2026-06-13,星期六,2026-07-09T11:47:37.770Z
PERIOD_1783597657770_7060,2026-06-14,星期日,2026-07-09T11:47:37.770Z
PERIOD_1783597657770_1865,2026-06-15,星期一,2026-07-09T11:47:37.771Z
PERIOD_1783597657771_2009,2026-06-16,星期二,2026-07-09T11:47:37.771Z
PERIOD_1783597657771_3553,2026-06-17,星期三,2026-07-09T11:47:37.771Z
PERIOD_1783597657771_645,2026-06-18,星期四,2026-07-09T11:47:37.771Z
PERIOD_1783597657771_3554,2026-06-19,星期五,2026-07-09T11:47:37.771Z
PERIOD_1783597657771_3845,2026-06-20,星期六,2026-07-09T11:47:37.771Z
PERIOD_1783597657772_763,2026-06-21,星期日,2026-07-09T11:47:37.772Z
PERIOD_1783597657772_9994,2026-06-22,星期一,2026-07-09T11:47:37.772Z
PERIOD_1783597657772_8081,2026-06-23,星期二,2026-07-09T11:47:37.772Z
PERIOD_1783597657772_9126,2026-06-24,星期三,2026-07-09T11:47:37.772Z
PERIOD_1783597657772_4406,2026-06-25,星期四,2026-07-09T11:47:37.772Z
PERIOD_1783597657772_8958,2026-06-26,星期五,2026-07-09T11:47:37.772Z
PERIOD_1783597657773_1268,2026-06-27,星期六,2026-07-09T11:47:37.773Z
PERIOD_1783597657773_1058,2026-06-28,星期日,2026-07-09T11:47:37.773Z
PERIOD_1783597657773_6170,2026-06-29,星期一,2026-07-09T11:47:37.773Z
PERIOD_1783597657773_3608,2026-06-30,星期二,2026-07-09T11:47:37.773Z
PERIOD_1783597657773_1256,2026-07-01,星期三,2026-07-09T11:47:37.773Z
PERIOD_1783597657774_1003,2026-07-02,星期四,2026-07-09T11:47:37.774Z
PERIOD_1783597657774_4041,2026-07-03,星期五,2026-07-09T11:47:37.774Z
PERIOD_1783597657774_8176,2026-07-04,星期六,2026-07-09T11:47:37.774Z
PERIOD_1783597657774_7586,2026-07-05,星期日,2026-07-09T11:47:37.774Z
PERIOD_1783597657774_1349,2026-07-06,星期一,2026-07-09T11:47:37.774Z
PERIOD_1783597657774_4574,2026-07-07,星期二,2026-07-09T11:47:37.774Z
PERIOD_1783597657775_759,2026-07-08,星期三,2026-07-09T11:47:37.775Z
PERIOD_1783597657775_8682,2026-07-10,星期五,2026-07-09T11:47:37.775Z
PERIOD_1783597657775_5210,2026-07-11,星期六,2026-07-09T11:47:37.775Z
PERIOD_1783597657775_4881,2026-07-12,星期日,2026-07-09T11:47:37.775Z
PERIOD_1783597657775_1299,2026-07-13,星期一,2026-07-09T11:47:37.775Z
PERIOD_1783597657775_8119,2026-07-14,星期二,2026-07-09T11:47:37.775Z
PERIOD_1783597657776_1577,2026-07-15,星期三,2026-07-09T11:47:37.776Z
PERIOD_1783597657776_1512,2026-07-16,星期四,2026-07-09T11:47:37.776Z
PERIOD_1783597657776_3940,2026-07-17,星期五,2026-07-09T11:47:37.776Z
PERIOD_1783597657776_6661,2026-07-18,星期六,2026-07-09T11:47:37.776Z
PERIOD_1783597657776_3936,2026-07-19,星期日,2026-07-09T11:47:37.776Z
PERIOD_1783597657776_380,2026-07-20,星期一,2026-07-09T11:47:37.776Z
PERIOD_1783597657776_105,2026-07-21,星期二,2026-07-09T11:47:37.776Z
PERIOD_1783597657777_7095,2026-07-22,星期三,2026-07-09T11:47:37.777Z
PERIOD_1783597657777_2351,2026-07-23,星期四,2026-07-09T11:47:37.777Z
PERIOD_1783597657777_1516,2026-07-24,星期五,2026-07-09T11:47:37.777Z
PERIOD_1783597657777_9243,2026-07-25,星期六,2026-07-09T11:47:37.777Z
PERIOD_1783597657777_8459,2026-07-26,星期日,2026-07-09T11:47:37.777Z
PERIOD_1783597657778_4550,2026-07-27,星期一,2026-07-09T11:47:37.778Z
PERIOD_1783597657778_4488,2026-07-28,星期二,2026-07-09T11:47:37.778Z
PERIOD_1783597657778_1866,2026-07-29,星期三,2026-07-09T11:47:37.778Z
PERIOD_1783597657778_6443,2026-07-30,星期四,2026-07-09T11:47:37.778Z
PERIOD_1783597657778_4270,2026-07-31,星期五,2026-07-09T11:47:37.778Z
